{"cameraMode":{"drawMode":0,"name":"Shaded","section":"Shading Mode"},"sceneLighting":true,"audioPlay":false,"sceneViewState":{"showFog":true,"showMaterialUpdate":false,"showSkybox":true,"showFlares":true,"showImageEffects":true,"showParticleSystems":true,"showVisualEffectGraphs":true,"m_FxEnabled":true},"in2DMode":false,"pivot":{"x":1.3833608627319337,"y":0.27464985847473147,"z":0.8535038828849793},"rotation":{"x":0.26729628443717959,"y":-0.1095595434308052,"z":0.030603036284446718,"w":0.9568772315979004},"size":9.099164009094239,"orthographic":false}