{"cameraMode":{"drawMode":0,"name":"Shaded","section":"Shading Mode"},"sceneLighting":true,"audioPlay":false,"sceneViewState":{"showFog":true,"showMaterialUpdate":false,"showSkybox":true,"showFlares":true,"showImageEffects":true,"showParticleSystems":true,"showVisualEffectGraphs":true,"m_FxEnabled":true},"in2DMode":false,"pivot":{"x":-11.807000160217286,"y":0.25999999046325686,"z":-19.584999084472658},"rotation":{"x":0.31918275356292727,"y":0.01279327180236578,"z":-0.004309169948101044,"w":0.9475926756858826},"size":0.7071244716644287,"orthographic":true}