{"cameraMode":{"drawMode":0,"name":"Shaded","section":"Shading Mode"},"sceneLighting":true,"audioPlay":false,"sceneViewState":{"showFog":true,"showMaterialUpdate":false,"showSkybox":true,"showFlares":true,"showImageEffects":true,"showParticleSystems":true,"showVisualEffectGraphs":true,"m_FxEnabled":true},"in2DMode":false,"pivot":{"x":1.3786722421646119,"y":0.13731276988983155,"z":0.5409751534461975},"rotation":{"x":0.6939770579338074,"y":0.07189589738845825,"z":-0.06998045742511749,"w":0.7129721641540527},"size":16.225448608398439,"orthographic":true}